{
	"format_version": "1.8.0",
	"animations": {
		"animation.longsword.third_person": {
			"loop": true,
			"animation_length": 0.08333,
			"bones": {
				"sword": {
					"rotation": [42.5, 0, 0],
					"position": [8, 12.67339, -12.98804]
				}
			}
		},
		"animation.longsword.first_person": {
			"loop": true,
			"bones": {
				"sword": {
					"rotation": [56.26382, 56.3084, -37.45134],
					"position": [-8.86922, -8.65401, 2.97263],
					"scale": 1.3
				}
			}
		},
		"animation.longsword.first_person.attack": {
			"loop": true,
			"animation_length": 2.25,
			"bones": {
				"sword": {
					"rotation": {
						"0.0": [56.26382, 56.3084, -37.45134],
						"0.4583": [30.97627, 71.12564, -173.51145],
						"0.9583": [30.97627, 71.12564, -173.51145],
						"1.0417": [56.26382, 56.3084, -37.45134]
					},
					"position": {
						"0.0": [-5, 6, -10],
						"0.4583": [14.29, 5, -17.86],
						"1.0417": [9.78, 23, -11.52],
						"1.2917": [10, 0, 10],
						"1.3333": [31.64, 12.55, 5.18],
						"1.75": [-5, 6, -10]
					},
					"scale": {
						"0.0": [1.3, 1.3, 1.3],
						"0.7083": [1.3, 1.3, 1.3],
						"0.75": [0, 0, 0],
						"1.2917": [0, 0, 0],
						"1.3333": [1.3, 1.3, 1.3]
					}
				}
			}
		}
	}
}